NAME,ARTIST,URL,COVER
宿星のガールフレンド３,mirai,,
宿星のガールフレンド,mirai,,
夏恋花火,40mP,,
ETERNAL DRAIN,Colorful Sounds Port,,
君と誰かの優しさに,senya,,
Accel World Ending 1 Unfinished,Kotoko,,
ニヒル神楽,senya,,
fragment of tears,仲村芽衣子,,
Dynasty,Yooh,,
Moonlight of Sand Castle,旅人E,,
Oracle,TQ☆,,
Hazukashigariya no Toy Soldier,AAAA,,
アスノヨゾラ哨戒班,Orangestar,,
Mono Logic,Ayumi Nomiya,,
MELODY FLAG,水瀬いのり,,
fortissimo -from insanity affection-,fripSide,,
灼熱のユートピア,Xceon,,
Scarlet Faith,仲村芽衣子,,
創造のイデア,Ariabl'eyeS,,
瑠璃色ソワレ,Ariabl'eyeS,,
Ultimate Fate,Jun Kuroda,,
惑星☆ロリポップ,Nana Takahashi,,
もののけ姫,久石 譲,,もののけ姫
アシタカとサン,久石 譲,,もののけ姫
